#TYPE Selected.Microsoft.Graph.PowerShell.Models.MicrosoftGraphGroup
"DisplayName","Description","Id"
"CA-000-Global-Exclusions",,"5d0f8816-d643-42a4-a6d8-29e750ac08a1"
"CA-100-Admins",,"35be59e6-52db-4873-821d-cd90608c6447"
"CA-100-Admins-Exclusions",,"0c4e10bb-12fa-44be-823e-c03777dc32d4"
"CA-200-Internals",,"79aa19a5-11b0-4c17-b0f5-7a286ce89b36"
"CA-200-Internals-Exclusions",,"18f6d24e-088c-4230-ba08-b6bdcaf39910"
"CA-300-Externals",,"0f85f0a3-2984-4457-aad4-46d9b394f8b2"
"CA-300-Externals-Exclusions",,"e45a1d33-e6c6-4db8-953e-757980726ab6"
"CA-400-Guests",,"38230db2-9995-4fe5-992c-f56cbeb8b9e9"
"CA-400-Guests-Exclusions",,"018c96f9-0af8-4292-9dda-850d5fee3eee"
"CA-500-GuestAdmins",,"f450dff4-7b36-4dc0-b78c-35b3de5df9a7"
"CA-500-GuestAdmins-Exclusions",,"1f26e5c8-972b-4944-9d90-9f782c430950"
"CA-600-Microsoft365ServiceAccounts",,"02f0bd7b-8dd7-4e18-b3e0-4e7fba9df792"
"CA-600-Microsoft365ServiceAccounts-Exclusions",,"a2b3d1c2-0a89-4723-be61-f93abbacbc74"
"CA-700-AzureServiceAccounts",,"ad9e9a74-5e2e-4273-a666-f956628234de"
"CA-700-AzureServiceAccounts-Exclusions",,"585f36fd-dd08-4353-8343-91d7e48d8606"
"CA-800-OnPremisesServiceAccounts",,"a403d677-28a7-4183-8e88-419283ce9562"
"CA-800-OnPremisesServiceAccounts-Exclusions",,"afba6f4b-d89f-47f5-8d2a-a28f3809509e"
"CA-BreakGlassAccounts",,"d8588c6e-1746-41a5-bf1f-b8aec437613f"
